{"total_losses": [1.9967868853208226, 1.1070178132074129, 0.9358108312579709, 0.8184356946187163, 0.7417359275356279, 0.6819246127063385, 0.6385431642748323, 0.6002814227162627, 0.5683551976460547, 0.5476218092505081, 0.5219711471832031, 0.5123589664009494, 0.4798473118147672, 0.4610564128543725, 0.44137740479269416, 0.41933220063814264, 0.40299523834860346, 0.3894191819704659, 0.3631447163240101, 0.3478386569139589, 0.33168729308655165, 0.31752332139819806, 0.30022973491815225, 0.28988930585646927, 0.2877876665674772, 0.2681811818750459, 0.2539959536670156, 0.24486641392614658, 0.23619046997854595, 0.22744651935452043, 0.2179211036138382, 0.20859469002241776, 0.20259646396442163, 0.19462461764287356, 0.19391294816247523, 0.19603533640530352, 0.17359012005384183, 0.16553940050978855, 0.15729513163570824, 0.1497600099889042, 0.14327838228185055, 0.13650765729204586, 0.12535308298802078, 0.12032938096176032, 0.11095037336459591, 0.10539953437092885, 0.10290983652772108, 0.09067230074803741, 0.08630727805845691, 0.08568199687566258, 0.08269626230371993, 0.07493488761872635, 0.07470278053496489, 0.06897554643200728, 0.06385215565059367, 0.0625320045909386, 0.06108577545487436, 0.05795242910672039, 0.054463236088174695, 0.05553551008974468, 0.05249546969815639, 0.04806053764840214, 0.04789236131029908, 0.04440688187021557, 0.06304287046299946, 0.057984995654061254, 0.04241423720417819, 0.038932803631172935, 0.31224603495737585, 0.2636559242862368, 0.09085402226813309, 0.053826448509261195, 0.04297534453138365, 0.03808556490149316, 0.03520489917145, 0.03320004076731671, 0.03269312180393437, 0.03408161956373582, 0.033526660050687315, 0.03912941243360563, 0.0350505963735428, 0.05249566425690113, 0.4001168423658154, 0.08678326298537305, 0.044892638306370004, 0.034701344608387134, 0.03715469251464569, 0.04321576728688993, 0.028032012124997473, 0.026958207174685667, 0.02724973513987941, 0.028122710877926903, 0.02774355706773685, 0.26106244466576867, 0.27979659721864053, 0.07082109845393927, 0.04163595175512837, 0.032692775676162585, 0.027741182499546987, 0.02519724217655392], "pos_losses": [0.9465029951098969, 0.8545570994990334, 0.7762054044018842, 0.7019716742618893, 0.6389974414455319, 0.5919509648112167, 0.5550262304436462, 0.525110406572823, 0.49962226800342646, 0.4817793762599173, 0.4624685349197625, 0.45637656152777734, 0.42736062216928117, 0.41154911928871385, 0.39527961505878034, 0.3760373356287263, 0.3618654004210477, 0.34297206921115864, 0.3270022468128594, 0.3139893150297829, 0.2993920576455962, 0.28787859443237684, 0.27207643021275263, 0.2640414598991773, 0.2513243191036831, 0.24245033202755725, 0.23263886539169568, 0.2251706603735844, 0.2176628973513683, 0.21016616293528576, 0.2020992869329283, 0.19438434801135562, 0.18919361799584825, 0.18201736323733947, 0.1758316946124946, 0.17010537975634818, 0.1633152179353826, 0.15649901048592946, 0.14893785434019077, 0.14225998728620434, 0.1361348559653145, 0.13003363893044778, 0.119563698755382, 0.11494745613203167, 0.10609273355765199, 0.100779175334883, 0.0987057223995456, 0.08679177159473274, 0.08293756661973034, 0.08211482421463591, 0.07979595003447779, 0.07210076958946818, 0.07164990257465183, 0.066471839525454, 0.06161872304142262, 0.05994311497806444, 0.0588033240797994, 0.0559318895926484, 0.05239005760020092, 0.05282356629733718, 0.05075557242754721, 0.04639084570996503, 0.04608817979508141, 0.04274590969826781, 0.04158146168580064, 0.040088246826274355, 0.03970801228819478, 0.03686370762796216, 0.3105394683553313, 0.26177985017348354, 0.08907504889908946, 0.052156745785347736, 0.04120879798637931, 0.03610697788968815, 0.033802305339946416, 0.03179725019681411, 0.03135057909622603, 0.03203948570967885, 0.03196742332690986, 0.03761741789934584, 0.03368808291720137, 0.051234842474914784, 0.39898513045764095, 0.08541676529135628, 0.043805435313107065, 0.033529801995594376, 0.02899346995906868, 0.02683356754005379, 0.026181858023016532, 0.025712438056751635, 0.026125845137063817, 0.02703774551038844, 0.026802984650245144, 0.25981662564019326, 0.27853816779426316, 0.06975046672310753, 0.04051747521448411, 0.030995893191221976, 0.026601123264585465, 0.024220775865799158], "angles_losses": [0.2673967811039138, 0.031747781619475904, 0.00867040396368604, 0.005648506949217345, 0.0041151664932762965, 0.0036002579089303766, 0.00318625678376958, 0.0028235444935124704, 0.0024982316536931435, 0.002306456532251573, 0.0021747335503961344, 0.00211641318652759, 0.0020832025842388783, 0.0018842619019568787, 0.0016391047414683374, 0.0016399106589976373, 0.0016869750463397145, 0.0015395503716756711, 0.0014580629705401803, 0.0014117542329843142, 0.0013707019666790445, 0.0012718128845001344, 0.0012360431937203902, 0.0011667852147505494, 0.0012143571151533787, 0.001080820927492361, 0.0011053448119060158, 0.000977506518358163, 0.0010566141042398492, 0.001043749937508917, 0.000909217611802196, 0.000913276943976976, 0.0008888053115879948, 0.0008863705008470191, 0.0008042753287107183, 0.000891856691965686, 0.0007959140085124744, 0.0008000461210444616, 0.0007513523605876713, 0.0007487087659974091, 0.0007051982248278887, 0.0006797811771744241, 0.0006661236532331075, 0.000664742874104834, 0.0006602454630614193, 0.0006467497870720985, 0.0006098172499291221, 0.0006109963759050422, 0.0006159165918373802, 0.0005955873984640024, 0.0004979713752098235, 0.0005663620579642861, 0.0005324960147974795, 0.0006325619264119544, 0.0004645842985625562, 0.0005079231363856424, 0.00047967191964952806, 0.0005085345334755951, 0.00044871120745494804, 0.00046285922176615696, 0.0004351127250018723, 0.000427614776809455, 0.0004931281578291181, 0.0003869557198474918, 0.0003908726369640972, 0.0004032952772631462, 0.00039538856985580533, 0.0004419355544952889, 0.00034196735426155373, 0.0003936670357528925, 0.00032525699316142675, 0.00036853998433953634, 0.00034263465728972197, 0.0003348004015291409, 0.0003482696311442896, 0.00029951289646016504, 0.00031552924707643174, 0.00033416318627869213, 0.00030339054246788735, 0.0002856668634679281, 0.0003444202773035818, 0.00028170241798689016, 0.0002597484332714048, 0.00030882302215728133, 0.0002543050525174435, 0.0002705063467198523, 0.0002805614959449403, 0.0002258675254136572, 0.0002478928985168246, 0.00022601604761082685, 0.0002614502375749011, 0.00021684689231305407, 0.00022826277849191657, 0.00022700211487823788, 0.0002202134628581267, 0.00021549440137134224, 0.00021889152459939404, 0.00021824682680195195, 0.00021398752121299053, 0.00018801472999796943],