{"total_losses": [1.1916555802477424, 0.5113472287625518, 0.33100769785140816, 0.2534807314861234, 0.20242805061219094, 0.17048228833474408, 0.14554664412528667, 0.12784580268162876, 0.1137457291809992, 0.10221691100013477, 0.0918364676180519, 0.08539897421027759, 0.077494647617229, 0.07372537736041038, 0.06760576059523597, 0.06317554837657384, 0.059294906128554696, 0.05630282113398234, 0.05229326313620336, 0.04968893458241612, 0.04772161671341906, 0.044725098336547586, 0.04310847158883844, 0.041376986592389614, 0.039250050621278815, 0.03788917541716845, 0.036442433934977043, 0.03518070314418186, 0.036585473638695035, 0.033013476570516, 0.03160955241178218, 0.031032994330352965, 0.030355184551642166, 0.02910785232329394, 0.028320595398080878, 0.027597449273358058, 0.02691835090042284, 0.026434998519834177, 0.025980971215304703, 0.025235193309239085, 0.024624192116821146, 0.0239280821775633, 0.023720155986986985, 0.023180079625029763, 0.023054393737637215, 0.022344220333241942, 0.02175617179011897, 0.02134708645301918, 0.021890847695247812, 0.020730173607308992, 0.020624997598445, 0.020061574976548084, 0.01999488389575398, 0.019378066450010847, 0.019237530947538016, 0.018968501144538186, 0.018544654658233576, 0.018409143541519058, 0.01818748454198889, 0.017981858888919067, 0.017809203978374207, 0.017917579422625875, 0.0174908844916069, 0.017137253827305823, 0.0170078500034953, 0.016700589403002664, 0.017448407017639177, 0.01649673955441971, 0.016373887292555976, 0.016279438183342487, 0.015993929965329248, 0.0156425913597898, 0.015643800602017855, 0.015671819654755198, 0.016161771517787235, 0.015402865508193527, 0.015301136970638948, 0.014942224618295526, 0.014842509374608065, 0.01590748793154153, 0.014573297937230459, 0.014487994927658104, 0.014830302250140858, 0.014263186711103278, 0.014070718947602066, 0.014288858164245686, 0.013974949079697374, 0.013869548908653693, 0.013792560264376448, 0.013819016329887501, 0.01359089050644725, 0.013477959600893125, 0.013493302873145777], "pos_losses": [0.9219743435090709, 0.4748944933946715, 0.30287890075418533, 0.22987872551402883, 0.18293340016336526, 0.15243990114709097, 0.13139794405077448, 0.11495698202151083, 0.10194957094064833, 0.09198485876980905, 0.08361080260627372, 0.07639107981390343, 0.07043074303940641, 0.06681921271798132, 0.06092471004667326, 0.056992056658652895, 0.053461005699991564, 0.05028611012216568, 0.047684122687367075, 0.04517115253301586, 0.043016434810527845, 0.04079086612343707, 0.03905339625104243, 0.0375596993957049, 0.035874559363935285, 0.0345392951347652, 0.03319267870297083, 0.032079558919488875, 0.03102257272229165, 0.030082039022520886, 0.029042652447663495, 0.028204656575032554, 0.0275155005095355, 0.026668163010775226, 0.02600633169335502, 0.025319859782201554, 0.024768832346662883, 0.024163283344259667, 0.023716251483353015, 0.023219278598740567, 0.022667659488646782, 0.02214306373136131, 0.02188627381788385, 0.02129268427015565, 0.02093262103233032, 0.02053643493876586, 0.02022188473192708, 0.019828471550097822, 0.02001169865229443, 0.019234464482162754, 0.018932602166116926, 0.018637379935375415, 0.01845461686585505, 0.018105927101421653, 0.01784760078546096, 0.017612310977469747, 0.017341309353198397, 0.017098507847734347, 0.016932700355598115, 0.016732555198916126, 0.01660513297384834, 0.01646702681894916, 0.016113282030396782, 0.016067182335987865, 0.01590052381606405, 0.015622843955534458, 0.015457580059593475, 0.015381095689396052, 0.015240499393136106, 0.01512621694455967, 0.014872384656591051, 0.014688875624447309, 0.014628123952000518, 0.014521726114320316, 0.014309714578021875, 0.014254057541909814, 0.014078304502721134, 0.013994793985554352, 0.013950520583849506, 0.013745158230877368, 0.013551316082174018, 0.013544512155028861, 0.0134048092651316, 0.013346221714653472, 0.013215526751126198, 0.013129544768178895, 0.013122133695593799, 0.012911327785392388, 0.012797690650199586, 0.013026267073071042, 0.012710261807300425, 0.012589250831259089, 0.012552260123612345], "angles_losses": [0.04103065105495525, 0.0014031006185296737, 0.0010372026046537443, 0.000823188693626616, 0.000725055178896288, 0.0005693071961212148, 0.0005810043442002516, 0.0004739098279240844, 0.0004465618744485735, 0.0005065100378405437, 0.00035568313902020467, 0.0004328517115682443, 0.00027108665804564816, 0.00030237846025873137, 0.00030276903976722374, 0.0002526677580718777, 0.00026800113268220986, 0.00020934934832930301, 0.0002532282446314942, 0.000188525952306915, 0.00031091838478804527, 0.00019459870236653688, 0.00018883507675952077, 0.00019344132611572, 0.00017013755993549034, 0.0001566548743741485, 0.00014205515057525317, 0.00036253772497144417, 0.0001742137195363122, 0.00013520407350600701, 0.00014601121732845998, 0.0001333621329276172, 0.00014784694795182642, 0.00012920448923206196, 0.00015566060669243458, 0.00010463917308174814, 0.00012851868542110696, 0.00012530447229646191, 0.00013974698578632697, 0.00016594649221023377, 0.00013386170711904448, 9.704419995403178e-05, 0.00010153126630041764, 0.00012172415845743594, 9.703449261753274e-05, 9.516899343984576e-05, 8.78494612151866e-05, 9.261278808264468e-05, 0.00010479543365204219, 9.532099513728786e-05, 0.00012571129171123994, 9.580762846873082e-05, 7.75142921195371e-05, 7.917000222863415e-05, 0.00011645953313243954, 0.00010750333331524298, 8.952521831787347e-05, 9.137898584666626e-05, 8.491789880600541e-05, 7.457651664621013e-05, 7.54290703630712e-05, 7.641249034012401e-05, 8.694267355740502e-05, 8.73773039323128e-05, 7.0772215678885e-05, 6.943916624862935e-05, 7.237480760128006e-05, 0.00010063150022323744, 7.947997225960459e-05, 6.347167158879552e-05, 6.267293437739285e-05, 5.8347412437074336e-05, 6.624006523056975e-05, 7.652275369108618e-05, 6.367922428730657e-05, 5.386073109933922e-05, 7.964892822050519e-05, 7.656336695407916e-05, 6.012015454398153e-05, 5.609375471556084e-05, 6.553656197806345e-05, 5.598836684167528e-05, 6.13122184577452e-05, 5.368213523251002e-05, 5.15997284203203e-05, 7.04677388416462e-05, 5.277207009861205e-05, 0.00010962086321307647, 6.371212729410198e-05, 5.6048065796578434e-05, 6.138162444994603e-05, 6.436766738479392e-05, 6.6143746481408e-05],