{"total_losses": [3.1980457289598023, 2.5355697430513957, 2.290588921201595, 2.155154639453502, 2.0640756520376122, 1.9915207404429227, 1.9502236521164311, 1.9241629597190377, 1.8966478861259015, 1.8711021947222808, 1.8534686403022271, 1.8450111940697937, 1.8299942026478282, 1.8208292667519252, 1.8108124009252282, 1.802682545843658, 1.8073363659337647, 1.801720093316168, 1.7958554280641486, 1.7991367690503035, 1.793009526436363, 1.7911474583231595, 1.7940265892413874, 1.785670605599971, 1.7834467055696817, 1.782143307324781, 1.7719409171934728, 1.7747386641852505, 1.7627947403961273, 1.7587424844240627, 1.7592900766993627, 1.7586055839812005, 1.7580197999708629, 1.76011111853006, 1.7641459983889909, 1.751158244660938, 1.7566849344513924, 1.7539557922245268, 1.7573032866462308, 1.7523342668647715, 1.7635085433495012, 1.754193322379091, 1.7542372157632418, 1.7636688689886164, 1.751533821918349, 1.7562932958534765, 1.7465363865512669, 1.7516906604139084, 1.76085071793513, 1.7465462154097453, 1.7369745317908833, 1.7472439233239714, 1.7327509184364274, 1.7433924260346785, 1.7457563618498757, 1.7375713411019762, 1.737104646066432, 1.741063451515066, 1.744893061377133, 1.733038567597832, 1.741230773369423, 1.7274860834488213, 1.7369035892698241, 1.7315455704030385, 1.734556319966219, 1.7372221348313945, 1.7353264688720598, 1.737171166127632, 1.7292863618968721, 1.7355787691989544, 1.7292700214438903, 1.7285881747261447, 1.7266130555941002, 1.7152702631142844, 1.725031381095206, 1.7325648350551086, 1.72641876434149, 1.7268730669026682, 1.7378082133129615, 1.7225445421425614, 1.7280477176061624, 1.737847807451598, 1.727021660167564, 1.7302495970683245, 1.7215259892123562, 1.7171087218077576, 1.7337118350977447, 1.7147576070621986, 1.7132787101625417, 1.724755721175225, 1.7177281330497332, 1.7562837129434432, 1.734923482059019, 1.7263105397856537, 1.7105270970389632, 1.712236533776791, 1.7099471768552896, 1.7051260657642489, 1.704186033898119, 1.724608755167874], "pos_losses": [0.6513157734694398, 0.5557647044783162, 0.5286041421730238, 0.5175088805725017, 0.5117976822595569, 0.507138695809101, 0.5045103218126674, 0.5068983095971311, 0.5104802228752767, 0.504158391499726, 0.5047633634530763, 0.5021981600639159, 0.49919038038507135, 0.49720397889025125, 0.49404867405259306, 0.49598624871001123, 0.49665711396740503, 0.49276495016103244, 0.4915988524182476, 0.5002384343705267, 0.49385694651780937, 0.49301220914963423, 0.5119195757833032, 0.4990089283335821, 0.4973672057070715, 0.49682685844067853, 0.4898569662566785, 0.48632102241293934, 0.4888148207356771, 0.49089773964079075, 0.488364405703512, 0.484536380613238, 0.48425597210003274, 0.4869068264780018, 0.48658657699424684, 0.48511144600403133, 0.4860380997943023, 0.48853569787916495, 0.48849838561392295, 0.49296962196394173, 0.5023025467824197, 0.4939959590836077, 0.4952886294393454, 0.4971135357577738, 0.49503826657375255, 0.49003473588192703, 0.49294690167325794, 0.49031467951877244, 0.4938118803547341, 0.49123176517557976, 0.48725094409264774, 0.4893018326912654, 0.4921280445208771, 0.4927933243505133, 0.49742531575269344, 0.4936649147845866, 0.4965549544265619, 0.49780847601350153, 0.49612513143318915, 0.49489995370332723, 0.49200673858040767, 0.4942073835862484, 0.4944013136250156, 0.4878593221913902, 0.4973420497176132, 0.49340093952475367, 0.4963105439066017, 0.4999360668646525, 0.49630239120675784, 0.5002457981356627, 0.4993671137861076, 0.4949655837678699, 0.4937048126346219, 0.4942535119316396, 0.497743087398513, 0.4978764003811545, 0.5002907230457878, 0.4953512613712273, 0.5029725109726217, 0.49243112833811975, 0.4998897540647232, 0.4991024906542316, 0.49975140258674383, 0.4994720792803912, 0.49390857644983976, 0.489145958097864, 0.49814408531428905, 0.4911140550882775, 0.4957213295325206, 0.4948339954462592, 0.49335493870457825, 0.49325305172495654, 0.5004000783795715, 0.4986143861793935, 0.49490668862043236, 0.48881556401773946, 0.48930598296367783, 0.48663516258823725, 0.48705555169678055, 0.48879178271137064], "angles_losses": [0.5528999578562251, 0.3974949063823266, 0.33958351590457425, 0.30912232674900686, 0.28728931347362974, 0.2722731201880317, 0.26213873508047936, 0.254439870990285, 0.24671563400903093, 0.24286935106599428, 0.23966895023575485, 0.23794543758764133, 0.23626419008525718, 0.2351309606569286, 0.23356563190729396, 0.23175366080257623, 0.2293441826293591, 0.22972375511053886, 0.22819483334435883, 0.22768151992861171, 0.22719565982508166, 0.22678143494046363, 0.22639495074096586, 0.2257293036649857, 0.22503178219196826, 0.22401409138273815, 0.22198410086757364, 0.22145790101461368, 0.22126181098819686, 0.22086270694816573, 0.22083819995094267, 0.22093473051924697, 0.2204978099689182, 0.2201504794244764, 0.21956301057373148, 0.21908404918454924, 0.21952179967156477, 0.21930664320730917, 0.21907928738914098, 0.21896820279915993, 0.21918484238767813, 0.21886646940819432, 0.21849709487579339, 0.2184475490913434, 0.2183548371879824, 0.21844910008973828, 0.218172097634711, 0.21830007335916954, 0.217747257496311, 0.21842345990428594, 0.2179507500789074, 0.2182110171911201, 0.21763427311361433, 0.21789812006670206, 0.21764674854902882, 0.2176419507658891, 0.21845454033537814, 0.2174874815289084, 0.21760014144890066, 0.2176900828587371, 0.21726227755009603, 0.21726298584342546, 0.2177080636729075, 0.21766693241991653, 0.2168875001597437, 0.21744269391311705, 0.21765266706236555, 0.21719728729085344, 0.21718857433747724, 0.2174505604406681, 0.21725623138242126, 0.21690212540140483, 0.21752289236815153, 0.21726419618616588, 0.21702643829335844, 0.21716014861915567, 0.2173567616269468, 0.21712150360950586, 0.21682181976583817, 0.21710588810039477, 0.21719545413598115, 0.21758368557081756, 0.21697758153470573, 0.21683460311761976, 0.21689796577215956, 0.21726371388623023, 0.2167593778600063, 0.2179151967838384, 0.21703543697276279, 0.21692433424563565, 0.2168589792579331, 0.2167359785516326, 0.21690241857574827, 0.21669725659078254, 0.21688875708333732, 0.21620212799670413, 0.21692041252980698, 0.21673404231132906, 0.21679960331811882, 0.21621155208863],